<?xml version="1.0"?>
<Runs Version="1" Minor="0">
	<Run Id="design_1_rst_ps7_0_100M_0_synth_1" LaunchDir="C:/PUF/PUF/PUF.runs/design_1_rst_ps7_0_100M_0_synth_1" FlowId="Vivado_Synthesis" FromStepId="vivado" ToStepId="vivado"/>
	<Run Id="design_1_axi_gpio_4_0_synth_1" LaunchDir="C:/PUF/PUF/PUF.runs/design_1_axi_gpio_4_0_synth_1" FlowId="Vivado_Synthesis" FromStepId="vivado" ToStepId="vivado"/>
	<Run Id="design_1_xlconstant_0_0_synth_1" LaunchDir="C:/PUF/PUF/PUF.runs/design_1_xlconstant_0_0_synth_1" FlowId="Vivado_Synthesis" FromStepId="vivado" ToStepId="vivado"/>
	<Run Id="design_1_xbar_0_synth_1" LaunchDir="C:/PUF/PUF/PUF.runs/design_1_xbar_0_synth_1" FlowId="Vivado_Synthesis" FromStepId="vivado" ToStepId="vivado"/>
	<Run Id="design_1_axi_gpio_3_0_synth_1" LaunchDir="C:/PUF/PUF/PUF.runs/design_1_axi_gpio_3_0_synth_1" FlowId="Vivado_Synthesis" FromStepId="vivado" ToStepId="vivado"/>
	<Run Id="design_1_axi_gpio_0_2_synth_1" LaunchDir="C:/PUF/PUF/PUF.runs/design_1_axi_gpio_0_2_synth_1" FlowId="Vivado_Synthesis" FromStepId="vivado" ToStepId="vivado"/>
	<Run Id="design_1_axi_gpio_2_0_synth_1" LaunchDir="C:/PUF/PUF/PUF.runs/design_1_axi_gpio_2_0_synth_1" FlowId="Vivado_Synthesis" FromStepId="vivado" ToStepId="vivado" IsOrderedIPRun="true">
		<Parent Id="design_1_axi_gpio_0_2_synth_1"/>
	</Run>
	<Run Id="design_1_axi_gpio_0_0_synth_1" LaunchDir="C:/PUF/PUF/PUF.runs/design_1_axi_gpio_0_0_synth_1" FlowId="Vivado_Synthesis" FromStepId="vivado" ToStepId="vivado" IsOrderedIPRun="true">
		<Parent Id="design_1_axi_gpio_0_2_synth_1"/>
	</Run>
	<Run Id="design_1_axi_gpio_0_1_synth_1" LaunchDir="C:/PUF/PUF/PUF.runs/design_1_axi_gpio_0_1_synth_1" FlowId="Vivado_Synthesis" FromStepId="vivado" ToStepId="vivado" IsOrderedIPRun="true">
		<Parent Id="design_1_axi_gpio_0_2_synth_1"/>
	</Run>
	<Run Id="design_1_processing_system7_0_0_synth_1" LaunchDir="C:/PUF/PUF/PUF.runs/design_1_processing_system7_0_0_synth_1" FlowId="Vivado_Synthesis" FromStepId="vivado" ToStepId="vivado"/>
	<Run Id="design_1_ila_0_0_synth_1" LaunchDir="C:/PUF/PUF/PUF.runs/design_1_ila_0_0_synth_1" FlowId="Vivado_Synthesis" FromStepId="vivado" ToStepId="vivado"/>
	<Run Id="design_1_arbitrer_0_0_synth_1" LaunchDir="C:/PUF/PUF/PUF.runs/design_1_arbitrer_0_0_synth_1" FlowId="Vivado_Synthesis" FromStepId="vivado" ToStepId="vivado"/>
	<Run Id="design_1_auto_pc_0_synth_1" LaunchDir="C:/PUF/PUF/PUF.runs/design_1_auto_pc_0_synth_1" FlowId="Vivado_Synthesis" FromStepId="vivado" ToStepId="vivado"/>
	<Run Id="synth_1" LaunchDir="C:/PUF/PUF/PUF.runs/synth_1" FlowId="Vivado_Synthesis" FromStepId="vivado" ToStepId="vivado">
		<Parent Id="design_1_rst_ps7_0_100M_0_synth_1"/>
		<Parent Id="design_1_axi_gpio_4_0_synth_1"/>
		<Parent Id="design_1_xlconstant_0_0_synth_1"/>
		<Parent Id="design_1_xbar_0_synth_1"/>
		<Parent Id="design_1_axi_gpio_3_0_synth_1"/>
		<Parent Id="design_1_axi_gpio_0_2_synth_1"/>
		<Parent Id="design_1_axi_gpio_2_0_synth_1"/>
		<Parent Id="design_1_axi_gpio_0_0_synth_1"/>
		<Parent Id="design_1_axi_gpio_0_1_synth_1"/>
		<Parent Id="design_1_processing_system7_0_0_synth_1"/>
		<Parent Id="design_1_ila_0_0_synth_1"/>
		<Parent Id="design_1_arbitrer_0_0_synth_1"/>
		<Parent Id="design_1_auto_pc_0_synth_1"/>
	</Run>
</Runs>

