<?xml version="1.0"?>
<Project Version="1" Minor="3" DIGEST="">
	<TOOL_VERSION Version="2017.4"/>
	<MODE Name="Post-Synthesis"/>
	<SYSTEMINFO BOARD="tul.com.tw:pynq-z2:1.0" PART="xc7z020clg400-1" ARCH="zynq" PACKAGE="clg400" DEVICE="7z020" SPEED="-1" LUT="53200" FF="106400" BRAM="140" DSP="220"/>
	<HIERARCHY Name="design_1_wrapper"/>
	<File Type="HW_HANDOFF" Name="design_1.hwh" DESIGN_HIERARCHY="design_1_i" BD_TYPE="DEFAULT_BD"/>
	<File Type="BD_TCL" Name="design_1_bd.tcl"/>
	<File Type="PS_FSBL_INIT" Name="ps7_init.c"/>
	<File Type="PS_FSBL_INIT" Name="ps7_init.h"/>
	<File Type="PS_FSBL_INIT_GPL" Name="ps7_init_gpl.c"/>
	<File Type="PS_FSBL_INIT_GPL" Name="ps7_init_gpl.h"/>
	<File Type="PS_INIT_HELP" Name="ps7_init.html"/>
	<File Type="PS_XMD_INIT" Name="ps7_init.tcl"/>
	<File Type="BIT" Name="design_1_wrapper.bit"/>
	<BOARD Type="NotIntegrated">
		<BASEBOARD Name="tul.com.tw:pynq-z2:1.0">
		</BASEBOARD>
	</BOARD>
	<USEDRESOURCES LUT="0" FF="3392" BRAM="4" DSP="0"/>
</Project>

