<?xml version="1.0" encoding="UTF-8"?>
<GenRun Id="impl_1" LaunchPart="xc7z020clg400-1" LaunchTime="1751950924">
  <File Type="PWROPT-DCP" Name="design_1_wrapper_pwropt.dcp"/>
  <File Type="ROUTE-PWR" Name="design_1_wrapper_power_routed.rpt"/>
  <File Type="PA-TCL" Name="design_1_wrapper.tcl"/>
  <File Type="ROUTE-PWR-SUM" Name="design_1_wrapper_power_summary_routed.pb"/>
  <File Type="REPORTS-TCL" Name="design_1_wrapper_reports.tcl"/>
  <File Type="BG-DRC" Name="design_1_wrapper.drc"/>
  <File Type="OPT-METHODOLOGY-DRC" Name="design_1_wrapper_methodology_drc_opted.rpt"/>
  <File Type="INIT-TIMING" Name="design_1_wrapper_timing_summary_init.rpt"/>
  <File Type="OPT-HWDEF" Name="design_1_wrapper.hwdef"/>
  <File Type="OPT-DCP" Name="design_1_wrapper_opt.dcp"/>
  <File Type="OPT-DRC" Name="design_1_wrapper_drc_opted.rpt"/>
  <File Type="OPT-TIMING" Name="design_1_wrapper_timing_summary_opted.rpt"/>
  <File Type="PWROPT-DRC" Name="design_1_wrapper_drc_pwropted.rpt"/>
  <File Type="PWROPT-TIMING" Name="design_1_wrapper_timing_summary_pwropted.rpt"/>
  <File Type="PLACE-DCP" Name="design_1_wrapper_placed.dcp"/>
  <File Type="PLACE-IO" Name="design_1_wrapper_io_placed.rpt"/>
  <File Type="PLACE-CLK" Name="design_1_wrapper_clock_utilization_placed.rpt"/>
  <File Type="PLACE-UTIL" Name="design_1_wrapper_utilization_placed.rpt"/>
  <File Type="PLACE-UTIL-PB" Name="design_1_wrapper_utilization_placed.pb"/>
  <File Type="PLACE-CTRL" Name="design_1_wrapper_control_sets_placed.rpt"/>
  <File Type="PLACE-SIMILARITY" Name="design_1_wrapper_incremental_reuse_placed.rpt"/>
  <File Type="PLACE-PRE-SIMILARITY" Name="design_1_wrapper_incremental_reuse_pre_placed.rpt"/>
  <File Type="PLACE-TIMING" Name="design_1_wrapper_timing_summary_placed.rpt"/>
  <File Type="POSTPLACE-PWROPT-DCP" Name="design_1_wrapper_postplace_pwropt.dcp"/>
  <File Type="POSTPLACE-PWROPT-TIMING" Name="design_1_wrapper_timing_summary_postplace_pwropted.rpt"/>
  <File Type="PHYSOPT-DCP" Name="design_1_wrapper_physopt.dcp"/>
  <File Type="PHYSOPT-DRC" Name="design_1_wrapper_drc_physopted.rpt"/>
  <File Type="BG-BIT" Name="design_1_wrapper.bit"/>
  <File Type="PHYSOPT-TIMING" Name="design_1_wrapper_timing_summary_physopted.rpt"/>
  <File Type="ROUTE-ERROR-DCP" Name="design_1_wrapper_routed_error.dcp"/>
  <File Type="ROUTE-DCP" Name="design_1_wrapper_routed.dcp"/>
  <File Type="ROUTE-BLACKBOX-DCP" Name="design_1_wrapper_routed_bb.dcp"/>
  <File Type="ROUTE-DRC" Name="design_1_wrapper_drc_routed.rpt"/>
  <File Type="ROUTE-DRC-PB" Name="design_1_wrapper_drc_routed.pb"/>
  <File Type="BITSTR-MSK" Name="design_1_wrapper.msk"/>
  <File Type="ROUTE-DRC-RPX" Name="design_1_wrapper_drc_routed.rpx"/>
  <File Type="BG-BGN" Name="design_1_wrapper.bgn"/>
  <File Type="ROUTE-METHODOLOGY-DRC" Name="design_1_wrapper_methodology_drc_routed.rpt"/>
  <File Type="BITSTR-RBT" Name="design_1_wrapper.rbt"/>
  <File Type="ROUTE-METHODOLOGY-DRC-RPX" Name="design_1_wrapper_methodology_drc_routed.rpx"/>
  <File Type="BG-BIN" Name="design_1_wrapper.bin"/>
  <File Type="ROUTE-METHODOLOGY-DRC-PB" Name="design_1_wrapper_methodology_drc_routed.pb"/>
  <File Type="ROUTE-PWR-RPX" Name="design_1_wrapper_power_routed.rpx"/>
  <File Type="ROUTE-STATUS" Name="design_1_wrapper_route_status.rpt"/>
  <File Type="ROUTE-STATUS-PB" Name="design_1_wrapper_route_status.pb"/>
  <File Type="ROUTE-TIMINGSUMMARY" Name="design_1_wrapper_timing_summary_routed.rpt"/>
  <File Type="ROUTE-TIMING-PB" Name="design_1_wrapper_timing_summary_routed.pb"/>
  <File Type="ROUTE-TIMING-RPX" Name="design_1_wrapper_timing_summary_routed.rpx"/>
  <File Type="ROUTE-SIMILARITY" Name="design_1_wrapper_incremental_reuse_routed.rpt"/>
  <File Type="RDI-RDI" Name="design_1_wrapper.vdi"/>
  <File Type="ROUTE-CLK" Name="design_1_wrapper_clock_utilization_routed.rpt"/>
  <File Type="POSTROUTE-PHYSOPT-DCP" Name="design_1_wrapper_postroute_physopt.dcp"/>
  <File Type="POSTROUTE-PHYSOPT-BLACKBOX-DCP" Name="design_1_wrapper_postroute_physopt_bb.dcp"/>
  <File Type="POSTROUTE-PHYSOPT-TIMING" Name="design_1_wrapper_timing_summary_postroute_physopted.rpt"/>
  <File Type="POSTROUTE-PHYSOPT-TIMING-PB" Name="design_1_wrapper_timing_summary_postroute_physopted.pb"/>
  <File Type="POSTROUTE-PHYSOPT-TIMING-RPX" Name="design_1_wrapper_timing_summary_postroute_physopted.rpx"/>
  <File Type="BITSTR-NKY" Name="design_1_wrapper.nky"/>
  <File Type="BITSTR-BMM" Name="design_1_wrapper_bd.bmm"/>
  <File Type="BITSTR-MMI" Name="design_1_wrapper.mmi"/>
  <File Type="BITSTR-LTX" Name="debug_nets.ltx"/>
  <File Type="BITSTR-LTX" Name="design_1_wrapper.ltx"/>
  <File Type="BITSTR-SYSDEF" Name="design_1_wrapper.sysdef"/>
  <File Type="WBT-USG" Name="usage_statistics_webtalk.html"/>
  <FileSet Name="sources" Type="DesignSrcs" RelSrcDir="$PSRCDIR/sources_1">
    <Filter Type="Srcs"/>
    <File Path="$PSRCDIR/sources_1/imports/Downloads/parameters.vh">
      <FileInfo>
        <Attr Name="ImportPath" Val="$PPRDIR/../parameters.vh"/>
        <Attr Name="ImportTime" Val="1751940925"/>
        <Attr Name="UsedIn" Val="synthesis"/>
        <Attr Name="UsedIn" Val="simulation"/>
      </FileInfo>
    </File>
    <File Path="$PSRCDIR/sources_1/imports/Downloads/delay.v">
      <FileInfo>
        <Attr Name="ImportPath" Val="$PPRDIR/../delay.v"/>
        <Attr Name="ImportTime" Val="1751940918"/>
        <Attr Name="UsedIn" Val="synthesis"/>
        <Attr Name="UsedIn" Val="implementation"/>
        <Attr Name="UsedIn" Val="simulation"/>
      </FileInfo>
    </File>
    <File Path="$PSRCDIR/sources_1/imports/Downloads/dff.v">
      <FileInfo>
        <Attr Name="ImportPath" Val="$PPRDIR/../dff.v"/>
        <Attr Name="ImportTime" Val="1751940920"/>
        <Attr Name="UsedIn" Val="synthesis"/>
        <Attr Name="UsedIn" Val="implementation"/>
        <Attr Name="UsedIn" Val="simulation"/>
      </FileInfo>
    </File>
    <File Path="$PSRCDIR/sources_1/imports/Downloads/mux.v">
      <FileInfo>
        <Attr Name="ImportPath" Val="$PPRDIR/../mux.v"/>
        <Attr Name="ImportTime" Val="1751940922"/>
        <Attr Name="UsedIn" Val="synthesis"/>
        <Attr Name="UsedIn" Val="implementation"/>
        <Attr Name="UsedIn" Val="simulation"/>
      </FileInfo>
    </File>
    <File Path="$PSRCDIR/sources_1/imports/Downloads/arbitrer.v">
      <FileInfo>
        <Attr Name="ImportPath" Val="$PPRDIR/../arbitrer.v"/>
        <Attr Name="ImportTime" Val="1751940927"/>
        <Attr Name="UsedIn" Val="synthesis"/>
        <Attr Name="UsedIn" Val="implementation"/>
        <Attr Name="UsedIn" Val="simulation"/>
      </FileInfo>
    </File>
    <File Path="$PSRCDIR/sources_1/bd/design_1/design_1.bd">
      <FileInfo>
        <Attr Name="ImportPath" Val="$PPRDIR/../PUF/PUF.srcs/sources_1/bd/design_1/design_1.bd"/>
        <Attr Name="ImportTime" Val="1751950057"/>
        <Attr Name="UsedIn" Val="synthesis"/>
        <Attr Name="UsedIn" Val="implementation"/>
        <Attr Name="UsedIn" Val="simulation"/>
      </FileInfo>
    </File>
    <File Path="$PSRCDIR/sources_1/bd/design_1/hdl/design_1_wrapper.v">
      <FileInfo>
        <Attr Name="ImportPath" Val="$PPRDIR/../PUF/PUF.srcs/sources_1/bd/design_1/hdl/design_1_wrapper.v"/>
        <Attr Name="ImportTime" Val="1751949677"/>
        <Attr Name="UsedIn" Val="synthesis"/>
        <Attr Name="UsedIn" Val="implementation"/>
        <Attr Name="UsedIn" Val="simulation"/>
      </FileInfo>
    </File>
    <File Path="$PPRDIR/../PUF/PUF.srcs/sources_1/imports/PUF/parameters.vh">
      <FileInfo>
        <Attr Name="AutoDisabled" Val="1"/>
        <Attr Name="ImportPath" Val="$PPRDIR/../PUF/parameters.vh"/>
        <Attr Name="ImportTime" Val="1751940925"/>
        <Attr Name="UsedIn" Val="synthesis"/>
        <Attr Name="UsedIn" Val="simulation"/>
      </FileInfo>
    </File>
    <File Path="$PPRDIR/../PUF/PUF.srcs/sources_1/imports/PUF/delay.v">
      <FileInfo>
        <Attr Name="AutoDisabled" Val="1"/>
        <Attr Name="ImportPath" Val="$PPRDIR/../PUF/delay.v"/>
        <Attr Name="ImportTime" Val="1751940918"/>
        <Attr Name="UsedIn" Val="synthesis"/>
        <Attr Name="UsedIn" Val="implementation"/>
        <Attr Name="UsedIn" Val="simulation"/>
      </FileInfo>
    </File>
    <File Path="$PPRDIR/../PUF/PUF.srcs/sources_1/imports/PUF/dff.v">
      <FileInfo>
        <Attr Name="AutoDisabled" Val="1"/>
        <Attr Name="ImportPath" Val="$PPRDIR/../PUF/dff.v"/>
        <Attr Name="ImportTime" Val="1751940920"/>
        <Attr Name="UsedIn" Val="synthesis"/>
        <Attr Name="UsedIn" Val="implementation"/>
        <Attr Name="UsedIn" Val="simulation"/>
      </FileInfo>
    </File>
    <File Path="$PPRDIR/../PUF/PUF.srcs/sources_1/imports/PUF/mux.v">
      <FileInfo>
        <Attr Name="AutoDisabled" Val="1"/>
        <Attr Name="ImportPath" Val="$PPRDIR/../PUF/mux.v"/>
        <Attr Name="ImportTime" Val="1751940922"/>
        <Attr Name="UsedIn" Val="synthesis"/>
        <Attr Name="UsedIn" Val="implementation"/>
        <Attr Name="UsedIn" Val="simulation"/>
      </FileInfo>
    </File>
    <File Path="$PPRDIR/../PUF/PUF.srcs/sources_1/imports/PUF/arbitrer.v">
      <FileInfo>
        <Attr Name="AutoDisabled" Val="1"/>
        <Attr Name="ImportPath" Val="$PPRDIR/../PUF/arbitrer.v"/>
        <Attr Name="ImportTime" Val="1751940927"/>
        <Attr Name="UsedIn" Val="synthesis"/>
        <Attr Name="UsedIn" Val="implementation"/>
        <Attr Name="UsedIn" Val="simulation"/>
      </FileInfo>
    </File>
    <File Path="$PPRDIR/../parameters.vh">
      <FileInfo>
        <Attr Name="AutoDisabled" Val="1"/>
        <Attr Name="UsedIn" Val="synthesis"/>
        <Attr Name="UsedIn" Val="simulation"/>
      </FileInfo>
    </File>
    <Config>
      <Option Name="DesignMode" Val="RTL"/>
      <Option Name="TopModule" Val="design_1_wrapper"/>
    </Config>
  </FileSet>
  <FileSet Name="constrs_in" Type="Constrs" RelSrcDir="$PSRCDIR/constrs_1">
    <Filter Type="Constrs"/>
    <File Path="$PSRCDIR/constrs_1/new/constraints.xdc">
      <FileInfo>
        <Attr Name="ImportPath" Val="$PPRDIR/../PUF/PUF.srcs/constrs_1/new/constraints.xdc"/>
        <Attr Name="ImportTime" Val="1751949483"/>
        <Attr Name="UsedIn" Val="synthesis"/>
        <Attr Name="UsedIn" Val="implementation"/>
      </FileInfo>
    </File>
    <Config>
      <Option Name="ConstrsType" Val="XDC"/>
    </Config>
  </FileSet>
  <Strategy Version="1" Minor="2">
    <StratHandle Name="Vivado Implementation Defaults" Flow="Vivado Implementation 2017"/>
    <Step Id="init_design"/>
    <Step Id="opt_design"/>
    <Step Id="power_opt_design"/>
    <Step Id="place_design"/>
    <Step Id="post_place_power_opt_design"/>
    <Step Id="phys_opt_design"/>
    <Step Id="route_design"/>
    <Step Id="post_route_phys_opt_design"/>
    <Step Id="write_bitstream"/>
  </Strategy>
  <BlockFileSet Type="BlockSrcs" Name="design_1_rst_ps7_0_100M_0"/>
  <BlockFileSet Type="BlockSrcs" Name="design_1_xlconstant_0_0"/>
  <BlockFileSet Type="BlockSrcs" Name="design_1_axi_gpio_4_0"/>
  <BlockFileSet Type="BlockSrcs" Name="design_1_xbar_0"/>
  <BlockFileSet Type="BlockSrcs" Name="design_1_axi_gpio_3_0"/>
  <BlockFileSet Type="BlockSrcs" Name="design_1_axi_gpio_0_2"/>
  <BlockFileSet Type="BlockSrcs" Name="design_1_axi_gpio_2_0"/>
  <BlockFileSet Type="BlockSrcs" Name="design_1_axi_gpio_0_0"/>
  <BlockFileSet Type="BlockSrcs" Name="design_1_axi_gpio_0_1"/>
  <BlockFileSet Type="BlockSrcs" Name="design_1_processing_system7_0_0"/>
  <BlockFileSet Type="BlockSrcs" Name="design_1_ila_0_0"/>
  <BlockFileSet Type="BlockSrcs" Name="design_1_arbitrer_0_0"/>
  <BlockFileSet Type="BlockSrcs" Name="design_1_axi_gpio_6_1"/>
  <BlockFileSet Type="BlockSrcs" Name="design_1_auto_pc_0"/>
</GenRun>
